<?xml version="1.0" encoding="UTF-8"?>
<project-private xmlns="http://www.netbeans.org/ns/project-private/1">
    <editor-bookmarks xmlns="http://www.netbeans.org/ns/editor-bookmarks/2" lastBookmarkId="0"/>
    <open-files xmlns="http://www.netbeans.org/ns/projectui-open-files/2">
        <group>
            <file>file:/C:/Users/npoli/MPLABXProjects/tex.X/Timer1Functions.h</file>
            <file>file:/C:/Users/npoli/MPLABXProjects/tex.X/MotorFunctions.h</file>
            <file>file:/C:/Users/npoli/MPLABXProjects/tex.X/Timer1Functions.c</file>
            <file>file:/C:/Users/npoli/MPLABXProjects/tex.X/PWM1Functions.c</file>
            <file>file:/C:/Users/npoli/MPLABXProjects/tex.X/newmainXC16.c</file>
            <file>file:/C:/Users/npoli/MPLABXProjects/tex.X/IOSetup.c</file>
            <file>file:/C:/Users/npoli/MPLABXProjects/tex.X/UARTFunctions.c</file>
            <file>file:/C:/Users/npoli/MPLABXProjects/tex.X/IOSetup.h</file>
            <file>file:/C:/Users/npoli/MPLABXProjects/tex.X/UARTFunctions.h</file>
            <file>file:/C:/Users/npoli/MPLABXProjects/tex.X/PWM1Functions.h</file>
            <file>file:/C:/Users/npoli/MPLABXProjects/tex.X/MotorFunctions.c</file>
        </group>
    </open-files>
</project-private>
