<?xml version="1.0" encoding="UTF-8"?>
<project-private xmlns="http://www.netbeans.org/ns/project-private/1">
    <editor-bookmarks xmlns="http://www.netbeans.org/ns/editor-bookmarks/2" lastBookmarkId="0"/>
    <open-files xmlns="http://www.netbeans.org/ns/projectui-open-files/2">
        <group>
            <file>file:/home/frankzl/coding/micromouse-tum-lab/tex.X/uartFunctions.c</file>
            <file>file:/home/frankzl/coding/micromouse-tum-lab/tex.X/timer1Functions.c</file>
            <file>file:/home/frankzl/coding/micromouse-tum-lab/tex.X/uartFunctions.h</file>
            <file>file:/home/frankzl/coding/micromouse-tum-lab/tex.X/qeiFunctions.c</file>
            <file>file:/home/frankzl/coding/micromouse-tum-lab/tex.X/newmainXC16.c</file>
        </group>
    </open-files>
</project-private>
